{
  "patient_id": "sub-CS48",
  "n_input": 46,
  "n_focused": 11,
  "n_seeds": 10,
  "n_surrogates": 200,
  "elapsed_seconds": 5974.814046621323,
  "matched_baselines": {
    "arousal": {
      "mean_delta": 0.0,
      "std_delta": 0.0,
      "median_delta": 0.0,
      "n_positive": 0,
      "n_seeds": 10
    },
    "threat_pe": {
      "mean_delta": -0.0055849426106366114,
      "std_delta": 0.015651168450683182,
      "median_delta": -0.00856527933102963,
      "n_positive": 4,
      "n_seeds": 10
    },
    "event_boundaries": {
      "mean_delta": 0.023216837788604165,
      "std_delta": 0.041800732190456054,
      "median_delta": 0.01948417042657888,
      "n_positive": 7,
      "n_seeds": 10
    },
    "population_synchrony": {
      "mean_delta": 0.001590743321566028,
      "std_delta": 0.03991952720000119,
      "median_delta": -0.013818654998617988,
      "n_positive": 4,
      "n_seeds": 10
    },
    "temporal_stability": {
      "mean_delta": 0.0914525870055713,
      "std_delta": 0.03362760957891292,
      "median_delta": 0.09743992291895794,
      "n_positive": 10,
      "n_seeds": 10
    },
    "theta_power": {
      "mean_delta": 0.017777069214437308,
      "std_delta": 0.055527578400200193,
      "median_delta": 0.0275504872354132,
      "n_positive": 6,
      "n_seeds": 10
    },
    "gamma_power": {
      "mean_delta": 0.0032748582679506533,
      "std_delta": 0.01054362964511212,
      "median_delta": -0.0026111999907510383,
      "n_positive": 4,
      "n_seeds": 10
    },
    "encoding_success": {
      "mean_delta": 0.042577583509861905,
      "std_delta": 0.030073748745994208,
      "median_delta": 0.03813419243478067,
      "n_positive": 9,
      "n_seeds": 10
    }
  },
  "gap_cv": {
    "arousal": {
      "decorrelation_lag": 500,
      "decorrelation_time_s": 10.0,
      "r2_with_gap": -1.0,
      "r2_without_gap": -1.0,
      "r2_drop": 0.0,
      "fold_details": [
        {
          "fold": 0,
          "n_train": 14780,
          "n_test": 3820,
          "gap_before": 0,
          "gap_after": 500,
          "r2": -1.0
        },
        {
          "fold": 1,
          "n_train": 14280,
          "n_test": 3820,
          "gap_before": 500,
          "gap_after": 500,
          "r2": -1.0
        },
        {
          "fold": 2,
          "n_train": 14280,
          "n_test": 3820,
          "gap_before": 500,
          "gap_after": 500,
          "r2": -1.0
        },
        {
          "fold": 3,
          "n_train": 14280,
          "n_test": 3820,
          "gap_before": 500,
          "gap_after": 500,
          "r2": -1.0
        },
        {
          "fold": 4,
          "n_train": 14780,
          "n_test": 3820,
          "gap_before": 500,
          "gap_after": 0,
          "r2": -1.0
        }
      ]
    },
    "threat_pe": {
      "decorrelation_lag": 500,
      "decorrelation_time_s": 10.0,
      "r2_with_gap": -0.8136218762669023,
      "r2_without_gap": -0.80791240188238,
      "r2_drop": 0.005709474384522295,
      "fold_details": [
        {
          "fold": 0,
          "n_train": 14780,
          "n_test": 3820,
          "gap_before": 0,
          "gap_after": 500,
          "r2": -1.0
        },
        {
          "fold": 1,
          "n_train": 14280,
          "n_test": 3820,
          "gap_before": 500,
          "gap_after": 500,
          "r2": -1.0
        },
        {
          "fold": 2,
          "n_train": 14280,
          "n_test": 3820,
          "gap_before": 500,
          "gap_after": 500,
          "r2": -0.7210677006473925
        },
        {
          "fold": 3,
          "n_train": 14280,
          "n_test": 3820,
          "gap_before": 500,
          "gap_after": 500,
          "r2": -1.0
        },
        {
          "fold": 4,
          "n_train": 14780,
          "n_test": 3820,
          "gap_before": 500,
          "gap_after": 0,
          "r2": -0.34704168068711905
        }
      ]
    },
    "event_boundaries": {
      "decorrelation_lag": 16,
      "decorrelation_time_s": 0.32,
      "r2_with_gap": -0.4538911707962662,
      "r2_without_gap": -0.45341095634237405,
      "r2_drop": 0.0004802144538921249,
      "fold_details": [
        {
          "fold": 0,
          "n_train": 15264,
          "n_test": 3820,
          "gap_before": 0,
          "gap_after": 16,
          "r2": -1.0
        },
        {
          "fold": 1,
          "n_train": 15248,
          "n_test": 3820,
          "gap_before": 16,
          "gap_after": 16,
          "r2": -0.24406879573230156
        },
        {
          "fold": 2,
          "n_train": 15248,
          "n_test": 3820,
          "gap_before": 16,
          "gap_after": 16,
          "r2": -0.17040512737412605
        },
        {
          "fold": 3,
          "n_train": 15248,
          "n_test": 3820,
          "gap_before": 16,
          "gap_after": 16,
          "r2": -0.15040763309206828
        },
        {
          "fold": 4,
          "n_train": 15264,
          "n_test": 3820,
          "gap_before": 16,
          "gap_after": 0,
          "r2": -0.7045742977828346
        }
      ]
    },
    "population_synchrony": {
      "decorrelation_lag": 5,
      "decorrelation_time_s": 0.1,
      "r2_with_gap": -0.07753503835016165,
      "r2_without_gap": -0.07732031108081239,
      "r2_drop": 0.000214727269349263,
      "fold_details": [
        {
          "fold": 0,
          "n_train": 15275,
          "n_test": 3820,
          "gap_before": 0,
          "gap_after": 5,
          "r2": -0.25089268308570456
        },
        {
          "fold": 1,
          "n_train": 15270,
          "n_test": 3820,
          "gap_before": 5,
          "gap_after": 5,
          "r2": -0.079353377879825
        },
        {
          "fold": 2,
          "n_train": 15270,
          "n_test": 3820,
          "gap_before": 5,
          "gap_after": 5,
          "r2": -0.002520356968931603
        },
        {
          "fold": 3,
          "n_train": 15270,
          "n_test": 3820,
          "gap_before": 5,
          "gap_after": 5,
          "r2": -0.11857746643186484
        },
        {
          "fold": 4,
          "n_train": 15275,
          "n_test": 3820,
          "gap_before": 5,
          "gap_after": 0,
          "r2": 0.06366869261551777
        }
      ]
    },
    "temporal_stability": {
      "decorrelation_lag": 3,
      "decorrelation_time_s": 0.06,
      "r2_with_gap": 0.012401890280450977,
      "r2_without_gap": 0.011491853532091456,
      "r2_drop": -0.0009100367483595214,
      "fold_details": [
        {
          "fold": 0,
          "n_train": 15277,
          "n_test": 3820,
          "gap_before": 0,
          "gap_after": 3,
          "r2": -0.05426445753841014
        },
        {
          "fold": 1,
          "n_train": 15274,
          "n_test": 3820,
          "gap_before": 3,
          "gap_after": 3,
          "r2": 0.09777435657483324
        },
        {
          "fold": 2,
          "n_train": 15274,
          "n_test": 3820,
          "gap_before": 3,
          "gap_after": 3,
          "r2": 0.04925548957564829
        },
        {
          "fold": 3,
          "n_train": 15274,
          "n_test": 3820,
          "gap_before": 3,
          "gap_after": 3,
          "r2": -0.02580634947366378
        },
        {
          "fold": 4,
          "n_train": 15277,
          "n_test": 3820,
          "gap_before": 3,
          "gap_after": 0,
          "r2": -0.004949587736152727
        }
      ]
    },
    "theta_power": {
      "decorrelation_lag": 500,
      "decorrelation_time_s": 10.0,
      "r2_with_gap": -0.4753239185267062,
      "r2_without_gap": -0.45465331744176585,
      "r2_drop": 0.020670601084940343,
      "fold_details": [
        {
          "fold": 0,
          "n_train": 14780,
          "n_test": 3820,
          "gap_before": 0,
          "gap_after": 500,
          "r2": -0.9914250899593786
        },
        {
          "fold": 1,
          "n_train": 14280,