{
  "circuit": "circuit2_ca3_ca1",
  "hidden_dim": 256,
  "n_bins": 21600,
  "n_windows": 108,
  "bins_per_window": 200,
  "matched_baselines": {
    "I_Na_CA1": {
      "r2_trained": 0.7456795424342448,
      "r2_untrained": 0.6900710654060024,
      "delta_r2": 0.05560847702824245
    },
    "I_KDR_CA1": {
      "r2_trained": 0.7497266810053306,
      "r2_untrained": 0.7420349250575814,
      "delta_r2": 0.007691755947749179
    },
    "I_Ka_CA1": {
      "r2_trained": 0.7600466806201838,
      "r2_untrained": 0.7024713256057442,
      "delta_r2": 0.057575355014439555
    },
    "I_h_CA1": {
      "r2_trained": 0.9377476981742676,
      "r2_untrained": 0.8915211425409642,
      "delta_r2": 0.04622655563330347
    },
    "I_CaL_CA1": {
      "r2_trained": 0.7513180362184955,
      "r2_untrained": 0.695784917106484,
      "delta_r2": 0.05553311911201142
    },
    "I_CaN_CA1": {
      "r2_trained": 0.7519355587150207,
      "r2_untrained": 0.6961004866472293,
      "delta_r2": 0.05583507206779137
    },
    "I_KCa_CA1": {
      "r2_trained": 0.9454359449474282,
      "r2_untrained": 0.9271560726843374,
      "delta_r2": 0.0182798722630908
    },
    "I_M_CA1": {
      "r2_trained": 0.8024425238254626,
      "r2_untrained": 0.7438776905310464,
      "delta_r2": 0.058564833294416196
    },
    "I_AHP_CA1": {
      "r2_trained": 0.9444784278520337,
      "r2_untrained": 0.9258328546510187,
      "delta_r2": 0.01864557320101501
    },
    "g_AMPA_SC": {
      "r2_trained": 0.9099837389428795,
      "r2_untrained": 0.909037045888813,
      "delta_r2": 0.000946693054066583
    },
    "g_NMDA_SC": {
      "r2_trained": 0.8815090919326334,
      "r2_untrained": 0.8473351534357002,
      "delta_r2": 0.034173938496933176
    },
    "g_GABA_A": {
      "r2_trained": 0.5309251507181584,
      "r2_untrained": 0.5653181837714788,
      "delta_r2": -0.03439303305332042
    },
    "g_GABA_B": {
      "r2_trained": 0.5309351287614446,
      "r2_untrained": 0.5653105498517375,
      "delta_r2": -0.0343754210902929
    },
    "h_Na_CA1": {
      "r2_trained": 0.9142702365822478,
      "r2_untrained": 0.8806477070792289,
      "delta_r2": 0.033622529503018916
    },
    "n_KDR_CA1": {
      "r2_trained": 0.8277897708463582,
      "r2_untrained": 0.7778884002322799,
      "delta_r2": 0.04990137061407829
    },
    "h_Ka_CA1": {
      "r2_trained": 0.9472925476625733,
      "r2_untrained": 0.9179878283965488,
      "delta_r2": 0.029304719266024515
    },
    "m_h_CA1": {
      "r2_trained": 0.9394157872188785,
      "r2_untrained": 0.8962325727931333,
      "delta_r2": 0.04318321442574524
    },
    "m_CaL_CA1": {
      "r2_trained": 0.7632462100728723,
      "r2_untrained": 0.7085850702605254,
      "delta_r2": 0.05466113981234688
    },
    "m_M_CA1": {
      "r2_trained": 0.7951855881769881,
      "r2_untrained": 0.7484771014946949,
      "delta_r2": 0.046708486682293215
    },
    "V_basket": {
      "r2_trained": 0.8200357505354529,
      "r2_untrained": 0.8036269500666426,
      "delta_r2": 0.016408800468810214
    },
    "V_OLM": {
      "r2_trained": 0.3181203705871242,
      "r2_untrained": 0.3270536502956696,
      "delta_r2": -0.00893327970854535
    },
    "theta_phase": {
      "r2_trained": -0.06971401600088982,
      "r2_untrained": -0.05538505219371048,
      "delta_r2": -0.014328963807179337
    },
    "gamma_amp": {
      "r2_trained": 0.8173609055232186,
      "r2_untrained": 0.583808383872481,
      "delta_r2": 0.2335525216507376
    },
    "V_CA1": {
      "r2_trained": 0.9199592936141243,
      "r2_untrained": 0.8865787688451101,
      "delta_r2": 0.03338052476901421
    }
  },
  "autocorrelation_diagnostic": {
    "I_Na_CA1": {
      "r2_shuffled": 0.7456795424342448,
      "r2_temporal": -0.1307507229314115,
      "inflation": 0.8764302653656564
    },
    "I_KDR_CA1": {
      "r2_shuffled": 0.7497266810053306,
      "r2_temporal": -0.1418216657299639,
      "inflation": 0.8915483467352945
    },
    "I_Ka_CA1": {
      "r2_shuffled": 0.7600466806201838,
      "r2_temporal": -0.08765696685130772,
      "inflation": 0.8477036474714915
    },
    "I_h_CA1": {
      "r2_shuffled": 0.9377476981742676,
      "r2_temporal": 0.2030304835253447,
      "inflation": 0.7347172146489229
    },
    "I_CaL_CA1": {
      "r2_shuffled": 0.7513180362184955,
      "r2_temporal": -0.1320685485829865,
      "inflation": 0.8833865848014819
    },
    "I_CaN_CA1": {
      "r2_shuffled": 0.7519355587150207,
      "r2_temporal": -0.132952173398862,
      "inflation": 0.8848877321138827
    },
    "I_KCa_CA1": {
      "r2_shuffled": 0.9454359449474282,
      "r2_temporal": -0.12555064428007973,
      "inflation": 1.070986589227508
    },
    "I_M_CA1": {
      "r2_shuffled": 0.8024425238254626,
      "r2_temporal": -0.11816769080298066,
      "inflation": 0.9206102146284432
    },
    "I_AHP_CA1": {
      "r2_shuffled": 0.9444784278520337,
      "r2_temporal": -0.13456319109384568,
      "inflation": 1.0790416189458794
    },
    "Ca_i_CA1": {
      "r2_shuffled": 0.0,
      "r2_temporal": 0.0,
      "inflation": 0.0
    },
    "g_AMPA_SC": {
      "r2_shuffled": 0.9099837389428795,
      "r2_temporal": -0.10935731403595708,
      "inflation": 1.0193410529788367
    },
    "g_NMDA_SC": {
      "r2_shuffled": 0.8815090919326334,
      "r2_temporal": 0.5692060934025365,
      "inflation": 0.3123029985300969
    },
    "g_GABA_A": {
      "r2_shuffled": 0.5309251507181584,
      "r2_temporal": 0.47924427896505833,
      "inflation": 0.051680871753100044
    },
    "g_GABA_B": {
      "r2_shuffled": 0.5309351287614446,
      "r2_temporal": 0.47894471951350254,
      "inflation": 0.051990409247942015
    },
    "h_Na_CA1": {
      "r2_shuffled": 0.9142702365822478,
      "r2_temporal": 0.19798506143568964,
      "inflation": 0.7162851751465582
    },
    "n_KDR_CA1": {
      "r2_shuffled": 0.8277897708463582,
      "r2_temporal": -0.08774096619053133,
      "inflation": 0.9155307370368895
    },
    "h_Ka_CA1": {
      "r2_shuffled": 0.9472925476625733,
      "r2_temporal": 0.45103811308711456,
      "inflation": 0.49625443457545876
    },
    "m_h_CA1": {
      "r2_shuffled": 0.9394157872188785,
      "r2_temporal": 0.32339516220626674,
      "inflation": 0.6160206250126118
    },
    "m_CaL_CA1": {
      "r2_shuffled": 0.7632462100728723,
      "r2_temporal": -0.13658000884420368,
      "inflation": 0.899826218917076
    },
    "m_M_CA1": {
      "r2_shuffled": 0.7951855881769881,
      "r2_temporal": -0.11574026157649711,
      "inflation": 0.9109258497534852
    },
    "V_basket": {
      "r2_shuffled": 0.8200357505354529,
      "r2_temporal": -0.38618255160154386,
      "inflation": 1.2062183021369968
    },
    "V_OLM": {
      "r2_shuffled": 0.3181203705871242,
      "r2_temporal": -0.15032079162661977,
      "inflation": 0.468441162213744
    },
    "theta_phase": {
      "r2_shuffled": -0.06971401600088982,
      "r2_temporal": -0.3924229847020847,
      "inflation": 0.32270896870119486
    },
    "gamma_amp": {
      "r2_shuffled": 0.8173609055232186,
      "r2_temporal": -0.834893735384912,
      "inflation": 1.6522546409081307
    },
    "V_CA1": {
      "r2_shuffled": 0.9199592936141243,
      "r2_temporal": 0.2474467241278379,
      "inflation": 0.6725125694862863
    }
  },
  "iaaft_significance": {
    "gamma_amp": {
      "observed_delta_r2": 0.2335525216507376,
      "r2_trained": 0.8173609055232186,
      "r2_untrained": 0.583808383872481,
      "null_mean": 0.11850282896851158,
      "null_std": 0.12285841747931031,
      "null_percentiles": {
        "5": -0.04179170225051377,
        "50": 0.09675955198375913,
        "95": 0.3532160645917402,
        "99": 0.4759207187376638
      },
      "p_value": 0.163,
      "z_score": 0.9364412715278599,
      "significant_005": false,
      "significant_001": false,
      "n_surrogates": 1000
    },
    "theta_phase": {
      "observed_delta_r2": -0.014328963807179337,
      "r2_trained": -0.06971401600088982,