{
  "patient_id": "sub-CS55",
  "n_output_total": 24,
  "n_focused": 5,
  "focused_indices": [
    17,
    6,
    13,
    2,
    22
  ],
  "focused_ccs": [
    0.2527411382265538,
    0.07652614985029454,
    0.06307613695966896,
    0.059470889503952545,
    0.054670834036856276
  ],
  "all_ccs": [
    -0.001165406832063743,
    0.0044558540251451745,
    0.059470889503952545,
    0.004687863850011117,
    -0.004373088207104685,
    -0.09510562247122571,
    0.07652614985029454,
    -0.010178294721038811,
    -0.012734346029933646,
    0.05153805921738951,
    0.0074532291295511255,
    0.04979148101988717,
    0.038190549275925356,
    0.06307613695966896,
    -0.026587435728275582,
    0.005869890548151069,
    0.01885862537381353,
    0.2527411382265538,
    -0.024288785662449932,
    -0.016448668498500102,
    0.02901735946497041,
    0.013863614733593333,
    0.054670834036856276,
    0.029763421824045094
  ],
  "threshold_used": 0.0,
  "used_topk_fallback": true
}