{
  "patient_id": "sub-CS43",
  "n_output_total": 11,
  "n_focused": 5,
  "focused_indices": [
    6,
    8,
    3,
    9,
    2
  ],
  "focused_ccs": [
    0.10800611013917802,
    0.0781797029010292,
    0.057925992601144775,
    0.03169402279738718,
    0.02466706016203458
  ],
  "all_ccs": [
    0.018452039982320208,
    -0.02350921415173487,
    0.02466706016203458,
    0.057925992601144775,
    -0.04639156054367969,
    -0.03615987904472801,
    0.10800611013917802,
    0.019360514181270817,
    0.0781797029010292,
    0.03169402279738718,
    -0.020984404105966605
  ],
  "threshold_used": 0.0,
  "used_topk_fallback": true
}