{
  "patient_id": "sub-CS56",
  "n_output_total": 12,
  "n_focused": 5,
  "focused_indices": [
    4,
    8,
    10,
    11,
    7
  ],
  "focused_ccs": [
    0.12510406363908524,
    0.11340717175140777,
    0.07671475861553054,
    0.07656709912998505,
    0.06768833117912446
  ],
  "all_ccs": [
    -0.0021294081114328527,
    0.003496675120419675,
    0.06120779744583644,
    0.039729913537296546,
    0.12510406363908524,
    -0.054871464276357015,
    -0.056416341969156854,
    0.06768833117912446,
    0.11340717175140777,
    0.0513842811825142,
    0.07671475861553054,
    0.07656709912998505
  ],
  "threshold_used": 0.0,
  "used_topk_fallback": true
}