{
  "patient_id": "sub-CS60",
  "n_output_total": 19,
  "n_focused": 5,
  "focused_indices": [
    6,
    1,
    16,
    17,
    4
  ],
  "focused_ccs": [
    0.07272770380668704,
    0.06435259881031495,
    0.06232183865374698,
    0.056527381325348486,
    0.04515124769227678
  ],
  "all_ccs": [
    0.024210441314915898,
    0.06435259881031495,
    -0.026988038358859198,
    -0.014278048974988815,
    0.04515124769227678,
    0.005617664206985404,
    0.07272770380668704,
    0.003799701958443678,
    -0.045569209770336815,
    -0.007774444234715657,
    -0.031955793924670566,
    -0.04741302897631069,
    0.01875006212397363,
    -0.005017740706784257,
    -0.027515135301038492,
    -0.014653883390573955,
    0.06232183865374698,
    0.056527381325348486,
    0.0350051133147644
  ],
  "threshold_used": 0.0,
  "used_topk_fallback": true
}