{
  "patient_id": "sub-CS57",
  "n_output_total": 23,
  "n_focused": 5,
  "focused_indices": [
    0,
    10,
    17,
    6,
    3
  ],
  "focused_ccs": [
    0.0881305299139397,
    0.08518653301767497,
    0.046792244549923506,
    0.042203636526679876,
    0.03685651217245325
  ],
  "all_ccs": [
    0.0881305299139397,
    -0.06117063871142293,
    -0.02439190845529312,
    0.03685651217245325,
    -0.044041806806644705,
    -0.0024462172273909365,
    0.042203636526679876,
    -0.045465392199818044,
    -0.02397609227409636,
    -0.009673608945043401,
    0.08518653301767497,
    -0.03639240665544799,
    0.013903932147302867,
    -0.011720615430242146,
    0.021299968552893272,
    0.0061361224945013886,
    0.0036381723867916047,
    0.046792244549923506,
    0.022150652731727283,
    0.012855709131643871,
    -0.019517475982163166,
    -0.00598114200073489,
    -0.06798124864551959
  ],
  "threshold_used": 0.0,
  "used_topk_fallback": true
}