{
  "patient_id": "sub-CS62",
  "n_output_total": 8,
  "n_focused": 5,
  "focused_indices": [
    4,
    7,
    6,
    1,
    3
  ],
  "focused_ccs": [
    0.06306825466462157,
    0.04237864710790439,
    0.01901645685939576,
    0.017747626147650557,
    0.016566832259348453
  ],
  "all_ccs": [
    -0.012672416974657753,
    0.017747626147650557,
    -0.01970743889946808,
    0.016566832259348453,
    0.06306825466462157,
    -0.034236115875532006,
    0.01901645685939576,
    0.04237864710790439
  ],
  "threshold_used": 0.0,
  "used_topk_fallback": true
}