{
  "sub-10_ses-1_ecephys+image": {
    "cc": 0.858041467722521,
    "bin_raw_mean_firing_rate": 0.021170938442434117,
    "bin_raw_population_rate": 0.02117092778987062,
    "bin_raw_trial_variance": 0.021935581886891264,
    "bin_raw_temporal_stability": 0.000767141112557157,
    "bin_raw_population_synchrony": -0.0294541424386362,
    "bin_sae_mean_firing_rate": 0.0,
    "bin_sae_population_rate": 0.0,
    "bin_sae_trial_variance": 0.0,
    "bin_sae_temporal_stability": 0.0,
    "bin_sae_population_synchrony": 0.0,
    "window_raw_mean_firing_rate": 0.5679567525418037,
    "window_raw_population_rate": 0.5679570053610283,
    "window_raw_trial_variance": 0.27598007557074333,
    "window_raw_temporal_stability": 0.32741988581790227,
    "window_raw_population_synchrony": 0.0,
    "window_sae_mean_firing_rate": 0.40712740200689534,
    "window_sae_population_rate": 0.4071272241198951,
    "window_sae_trial_variance": -0.13197666167393307,
    "window_sae_temporal_stability": 0.16088287010538704,
    "window_sae_population_synchrony": 0.0
  },
  "sub-10_ses-2_ecephys+image": {
    "cc": 0.816015047452056,
    "bin_raw_mean_firing_rate": -0.059762662045323545,
    "bin_raw_population_rate": -0.059762662045323545,
    "bin_raw_trial_variance": -0.038129078679366546,
    "bin_raw_temporal_stability": -0.04339573859938639,
    "bin_raw_population_synchrony": -0.03646345903069581,
    "bin_sae_mean_firing_rate": -0.9570614439467766,
    "bin_sae_population_rate": -0.9570614439467766,
    "bin_sae_trial_variance": -0.9746457609360581,
    "bin_sae_temporal_stability": -0.8472563537939126,
    "bin_sae_population_synchrony": -0.8450212112976281,
    "window_raw_mean_firing_rate": 0.147775466877879,
    "window_raw_population_rate": 0.147775466877879,
    "window_raw_trial_variance": 0.30927647768705446,
    "window_raw_temporal_stability": -0.04526652808182274,
    "window_raw_population_synchrony": 0.0,
    "window_sae_mean_firing_rate": -0.6221127750207944,
    "window_sae_population_rate": -0.6221127750207944,
    "window_sae_trial_variance": 0.3878289756912374,
    "window_sae_temporal_stability": -0.08577184643934666,
    "window_sae_population_synchrony": 0.0
  },
  "sub-12_ses-1_ecephys+image": {
    "cc": 0.8730866592337162,
    "bin_raw_mean_firing_rate": 0.004109191582727489,
    "bin_raw_population_rate": 0.004109193618260121,
    "bin_raw_trial_variance": 0.003215181963621472,
    "bin_raw_temporal_stability": 0.005759559701398742,
    "bin_raw_population_synchrony": 0.018270258266219863,
    "bin_sae_mean_firing_rate": 0.009255055737787288,
    "bin_sae_population_rate": 0.009255058479663902,
    "bin_sae_trial_variance": 0.014157326594281927,
    "bin_sae_temporal_stability": 0.02017766577998381,
    "bin_sae_population_synchrony": 0.024491532995248422,
    "window_raw_mean_firing_rate": -0.01212181608129348,
    "window_raw_population_rate": -0.012121394074901204,
    "window_raw_trial_variance": -0.07651086143572416,
    "window_raw_temporal_stability": 0.06031301922448096,
    "window_raw_population_synchrony": -0.02406032982266626,
    "window_sae_mean_firing_rate": -0.3021258335934849,
    "window_sae_population_rate": -0.302126027576326,
    "window_sae_trial_variance": -0.13488388633662507,
    "window_sae_temporal_stability": 0.03637798880185117,
    "window_sae_population_synchrony": -0.19781837376638411
  },
  "sub-12_ses-2_ecephys+image": {
    "cc": 0.6785042159375063,
    "bin_raw_mean_firing_rate": -0.00877247880571641,
    "bin_raw_population_rate": -0.008772478805715966,
    "bin_raw_trial_variance": -0.010198106537556595,
    "bin_raw_temporal_stability": -0.011426670876922618,
    "bin_raw_population_synchrony": -0.005247303451431762,
    "bin_sae_mean_firing_rate": -0.0013335923633069902,
    "bin_sae_population_rate": -0.0013335923633068791,
    "bin_sae_trial_variance": -0.0022745227587933625,
    "bin_sae_temporal_stability": -0.0023235330397136655,
    "bin_sae_population_synchrony": -0.0004917298509981016,
    "window_raw_mean_firing_rate": -0.007239891472209159,
    "window_raw_population_rate": -0.007239891472244686,
    "window_raw_trial_variance": -0.0007261359189303374,
    "window_raw_temporal_stability": -0.07969476758711513,
    "window_raw_population_synchrony": -0.02038694710374167,
    "window_sae_mean_firing_rate": 0.0047759119752279755,
    "window_sae_population_rate": 0.004775911975223757,
    "window_sae_trial_variance": -0.01329473205576348,
    "window_sae_temporal_stability": 0.03452521019455923,
    "window_sae_population_synchrony": 0.005839283764413894
  },
  "sub-1_ses-1_ecephys+image": {
    "cc": 0.9344204542624519,
    "bin_raw_mean_firing_rate": 0.004049847128692274,
    "bin_raw_population_rate": 0.004049861226557372,
    "bin_raw_trial_variance": 0.014494778841583456,
    "bin_raw_temporal_stability": -0.024749261409227508,
    "bin_raw_population_synchrony": -0.010400859926070538,
    "bin_sae_mean_firing_rate": -0.35406143801839085,
    "bin_sae_population_rate": -0.3540617710970184,
    "bin_sae_trial_variance": -0.20747712637418836,
    "bin_sae_temporal_stability": -0.5109934177221525,
    "bin_sae_population_synchrony": -0.4569441157356593,
    "window_raw_mean_firing_rate": -0.13494729943379458,
    "window_raw_population_rate": -0.13494749431222508,
    "window_raw_trial_variance": 0.4275091799587142,
    "window_raw_temporal_stability": 0.33496684211134287,
    "window_raw_population_synchrony": 0.02646767189963395,
    "window_sae_mean_firing_rate": -0.500039005203071,
    "window_sae_population_rate": -0.5000388237688225,
    "window_sae_trial_variance": -1.0871580423060512,
    "window_sae_temporal_stability": -1.1111766968671173,
    "window_sae_population_synchrony": -0.05368691476120069
  },
  "sub-1_ses-2_ecephys+image": {
    "cc": 0.7383062089284865,
    "bin_raw_mean_firing_rate": -0.03717201892092936,
    "bin_raw_population_rate": -0.03717201892092936,
    "bin_raw_trial_variance": 0.009031625313695502,
    "bin_raw_temporal_stability": -0.005120256088421149,
    "bin_raw_population_synchrony": -0.04217553060079815,
    "bin_sae_mean_firing_rate": -0.20718782503969058,
    "bin_sae_population_rate": -0.20718782503969058,
    "bin_sae_trial_variance": -0.17988714858496224,
    "bin_sae_temporal_stability": -0.12204917865896636,
    "bin_sae_population_synchrony": -0.4584703813861597,
    "window_raw_mean_firing_rate": 0.10861478454691276,
    "window_raw_population_rate": 0.10861478454691276,
    "window_raw_trial_variance": 0.11566371735985848,
    "window_raw_temporal_stability": -0.05711576806521901,
    "window_raw_population_synchrony": 0.13239553969256157,
    "window_sae_mean_firing_rate": 0.0,
    "window_sae_population_rate": 0.0,
    "window_sae_trial_variance": -0.24505155469846618,
    "window_sae_temporal_stability": -0.30723648984328444,
    "window_sae_population_synchrony": 0.0
  }
}