{
  "patient_id": "sub-CS48",
  "n_output_total": 54,
  "n_focused": 11,
  "focused_indices": [
    11,
    3,
    4,
    8,
    1,
    19,
    10,
    0,
    6,
    7,
    15
  ],
  "focused_ccs": [
    0.7466413527144682,
    0.7101038774299545,
    0.6905295637431216,
    0.6708819674713675,
    0.6242578931050402,
    0.6039130533615088,
    0.6032320114658218,
    0.5811083845609539,
    0.5713038242480086,
    0.4702200351690517,
    0.40381889083120487
  ],
  "all_ccs": [
    0.5811083845609539,
    0.6242578931050402,
    0.07438728594969306,
    0.7101038774299545,
    0.6905295637431216,
    0.009227274828791992,
    0.5713038242480086,
    0.4702200351690517,
    0.6708819674713675,
    0.0418483808539338,
    0.6032320114658218,
    0.7466413527144682,
    0.03806975431308941,
    0.05159282320075878,
    0.053817024660709374,
    0.40381889083120487,
    0.15516468719513732,
    0.02836538896062367,
    -0.005845981908636563,
    0.6039130533615088,
    0.07546782590218774,
    0.01380278447279437,
    -0.004007094514024156,
    -0.014824855110645874,
    0.0439943732329142,
    0.0713662358682132,
    -0.054768727502358776,
    0.03278950912411835,
    0.03511272314490194,
    0.008547409316907568,
    -0.004062610733306742,
    0.01960421876674354,
    -0.031086218083425224,
    0.045386589344779515,
    -0.0191809376954777,
    -0.026119617113043416,
    0.010389078384928259,
    0.0036714769805702586,
    0.04927172174122447,
    0.059760667516120386,
    -0.0023720495549823294,
    0.004604581295475545,
    0.01339869118105614,
    -0.005007239152147643,
    0.017410281283844736,
    -0.004187472528983918,
    0.043670995268461736,
    0.08203839027832759,
    0.08593012140648229,
    -0.004043654327148062,
    0.2918689133323544,
    0.011637769939770419,
    0.0012449861326623338,
    0.0201564566471209
  ],
  "threshold_used": 0.3,
  "used_topk_fallback": false
}