{
  "patient_id": "sub-CS48",
  "config": {
    "hidden_size": 128,
    "n_layers": 2,
    "n_seeds": 10,
    "max_epochs": 200,
    "batch_size": 32,
    "learning_rate": 0.001,
    "patience": 20,
    "device": "cuda"
  },
  "data": {
    "n_input": 46,
    "n_output": 54,
    "n_train": 572,
    "n_val": 191,
    "n_test": 191,
    "window_ms": 2000,
    "stride_ms": 500,
    "bin_ms": 20
  },
  "task4_training": {
    "cc_per_seed": [
      0.14672093536620423,
      0.14965947618309894,
      0.15175594550377436,
      0.14679780823829833,
      0.14128946616900206,
      0.14379003967087714,
      0.14252459441766663,
      0.14326359482382658,
      0.14092482692395358,
      0.14113315545522415
    ],
    "mean_cc": 0.1447859842751926,
    "std_cc": 0.0035919847858482006,
    "best_seed": 2,
    "best_cc": 0.15175594550377436,
    "cc_below_0_3": 10,
    "epochs_per_seed": [
      23,
      23,
      23,
      23,
      23,
      23,
      23,
      23,
      23,
      23
    ],
    "val_loss_per_seed": [
      0.9606226682662964,
      0.9592610001564026,
      0.9608354568481445,
      0.9642950296401978,
      0.9627400636672974,
      0.959278404712677,
      0.9614799618721008,
      0.9645426869392395,
      0.9611948132514954,
      0.9628654718399048
    ],
    "cc_per_neuron_best_seed": [
      0.576146405541117,
      0.6307399898154471,
      0.09597099416677751,
      0.7109396027286613,
      0.688794906261472,
      0.003740136886872481,
      0.5724791349058622,
      0.47317932269418095,
      0.6706591083476572,
      0.05688505068117866,
      0.6026894127153857,
      0.7383552045751627,
      0.08306830398223251,
      0.0017285829340107641,
      0.03582103309233677,
      0.3759189756997859,
      0.16503613164402925,
      0.0037795561718692423,
      0.0076736665170068375,
      0.5925497936210787,
      0.0538949120239059,
      -0.0002491131459929008,
      0.009173613919275698,
      0.056593732042929515,
      0.0417067492555913,
      0.010666622701972179,
      0.021322624680570307,
      -0.013767479374318771,
      0.025311792580403576,
      0.027710340238265598,
      0.05485613799455181,
      0.06013518370892205,
      0.008486092219185176,
      0.022055077084581435,
      0.04164351626958346,
      -0.009221580084767977,
      0.030703920241760222,
      0.01152842265554417,
      0.02209639450276077,
      0.04591795574002368,
      0.08379412359299536,
      0.004298875463716542,
      -0.012988051911785753,
      -0.04649931704363427,
      -0.0003813861923697846,
      -0.008522359967651962,
      0.03893875228035072,
      0.1063850826655104,
      -0.010852852214030347,
      0.010748382185521658,
      0.2789924008499395,
      0.02976914356380051,
      0.04761430141243282,
      0.06680373428215029
    ]
  },
  "task5_probing": {
    "arousal": {
      "delta_r2": -18.616245174407965,
      "r2_trained": -116.95856161117554,
      "r2_untrained": -98.34231643676758,
      "status": "zombie"
    },
    "emotion_category": {
      "delta_r2": 0.01139190196990969,
      "r2_trained": -0.8572361707687378,
      "r2_untrained": -0.8686280727386475,
      "status": "zombie"
    },
    "encoding_success": {
      "delta_r2": 0.15880336761474645,
      "r2_trained": -2.0522257566452025,
      "r2_untrained": -2.211029124259949,
      "status": "STRONG"
    },
    "event_boundaries": {
      "delta_r2": -0.1006221532821655,
      "r2_trained": -0.6496457815170288,
      "r2_untrained": -0.5490236282348633,
      "status": "zombie"
    },
    "face_presence": {
      "delta_r2": -1.3519383430480936,
      "r2_trained": -24.91542227268219,
      "r2_untrained": -23.563483929634096,
      "status": "zombie"
    },
    "gamma_power": {
      "delta_r2": 0.006243014335632326,
      "r2_trained": -0.04580817222595215,
      "r2_untrained": -0.05205118656158447,
      "status": "zombie"
    },
    "population_synchrony": {
      "delta_r2": 0.06761429309844971,
      "r2_trained": -0.02597637176513672,
      "r2_untrained": -0.09359066486358643,
      "status": "CANDIDATE"
    },
    "temporal_stability": {
      "delta_r2": 0.02530621290206908,
      "r2_trained": 0.15916221141815184,
      "r2_untrained": 0.13385599851608276,
      "status": "zombie"
    },
    "theta_power": {
      "delta_r2": -0.023170900344848616,
      "r2_trained": -0.19167332649230956,
      "r2_untrained": -0.16850242614746094,
      "status": "zombie"
    },
    "threat_pe": {
      "delta_r2": -4.681415176391603,
      "r2_trained": -26.174014186859132,
      "r2_untrained": -21.49259901046753,
      "status": "zombie"
    },
    "valence": {
      "delta_r2": -18.616245174407965,
      "r2_trained": -116.95856161117554,
      "r2_untrained": -98.34231643676758,
      "status": "zombie"
    }
  },
  "task6_ablation": {
    "population_synchrony": {
      "k=10": {
        "z_score": -26.313151151351654,
        "relative_degradation": 0.000266989558839023,
        "baseline_mse": 0.9224391579627991,
        "mean_ablated_mse": 0.9226854395866394,
        "n_dims": 10,
        "mandatory": true
      },
      "k=25": {
        "z_score": -24.681214899384386,
        "relative_degradation": 0.0002654982136488875,
        "baseline_mse": 0.9224391579627991,
        "mean_ablated_mse": 0.922684063911438,
        "n_dims": 25,
        "mandatory": true
      },
      "k=50": {
        "z_score": -18.26440968135215,
        "relative_degradation": 0.00026608880702144744,
        "baseline_mse": 0.9224391579627991,
        "mean_ablated_mse": 0.9226846086978913,
        "n_dims": 50,
        "mandatory": true
      }
    },
    "encoding_success": {
      "k=10": {
        "z_score": -18.832842059635002,
        "relative_degradation": 0.00026378200358603447,
        "baseline_mse": 0.9224391579627991,
        "mean_ablated_mse": 0.9226824808120727,
        "n_dims": 10,
        "mandatory": true
      },
      "k=25": {
        "z_score": -22.470028491558377,
        "relative_degradation": 0.0002674916278219801,
        "baseline_mse": 0.9224391579627991,
        "mean_ablated_mse": 0.9226859027147293,
        "n_dims": 25,
        "mandatory": true
      },
      "k=50": {
        "z_score": -21.415085237169738,
        "relative_degradation": 0.0002666186610317577,
        "baseline_mse": 0.9224391579627991,
        "mean_ablated_mse": 0.9226850974559784,
        "n_dims": 50,
        "mandatory": true
      }
    }
  },
  "elapsed_seconds": 52.83453893661499
}