{
  "patient_id": "sub-CS58",
  "n_output_total": 27,
  "n_focused": 5,
  "focused_indices": [
    17,
    16,
    14,
    15,
    10
  ],
  "focused_ccs": [
    0.4201028577802757,
    0.20066803418821413,
    0.16156282559357008,
    0.14026048198279062,
    0.11975870850436601
  ],
  "all_ccs": [
    0.043433143887158736,
    0.0718253409019798,
    0.04860484581955509,
    -0.033124151208535346,
    0.02970817111699281,
    -0.02145768138078673,
    0.032856012955901154,
    0.028410668485562784,
    0.05617403154389273,
    0.053883117096013504,
    0.11975870850436601,
    0.05051189411456458,
    0.04999024987037504,
    0.044404224194960644,
    0.16156282559357008,
    0.14026048198279062,
    0.20066803418821413,
    0.4201028577802757,
    0.005818869468270717,
    0.10937583744140425,
    0.04854211523392749,
    -0.0035028417617201874,
    0.02620948077912448,
    0.0979512434934798,
    0.004417209334098507,
    0.0462523841819231,
    0.021002008045710608
  ],
  "threshold_used": 0.0,
  "used_topk_fallback": true
}