{
  "patient_id": "sub-CS47",
  "n_output_total": 24,
  "n_focused": 5,
  "focused_indices": [
    9,
    21,
    18,
    4,
    23
  ],
  "focused_ccs": [
    0.16042838161169895,
    0.10973374016029724,
    0.08562860582448861,
    0.08357407047554154,
    0.061899383517694466
  ],
  "all_ccs": [
    -0.026558728632648854,
    0.06179584927693577,
    0.015090240404549319,
    -0.00706300889905599,
    0.08357407047554154,
    -0.02563372836771897,
    -0.00031303434996571777,
    -0.08439272219344901,
    0.01575900289964663,
    0.16042838161169895,
    0.01892840881358148,
    -0.08596288643735568,
    -0.01045955634262514,
    -0.030736797789962498,
    0.05675098662836065,
    0.06176118792878154,
    -0.017450239047011342,
    -0.001437938574747866,
    0.08562860582448861,
    0.007128098555309439,
    0.007759430794597125,
    0.10973374016029724,
    0.026798717965894888,
    0.061899383517694466
  ],
  "threshold_used": 0.0,
  "used_topk_fallback": true
}