{
  "patient_id": "sub-CS54",
  "n_output_total": 41,
  "n_focused": 5,
  "focused_indices": [
    33,
    35,
    38,
    36,
    32
  ],
  "focused_ccs": [
    0.10630491773603543,
    0.08512323364606522,
    0.07989144898423707,
    0.0737038056332015,
    0.0681228635531
  ],
  "all_ccs": [
    0.02311236516653262,
    0.007160216082685415,
    0.045233285868234246,
    -0.00808657535135834,
    0.01480923435297526,
    0.005265187226658542,
    0.03704247668888616,
    0.04104777170278683,
    0.012446767203705883,
    -0.060170101435295144,
    0.02000937241011711,
    -0.04953200959295307,
    -0.020481859456623543,
    0.04003610259330618,
    0.04828081294238672,
    0.011099771814416955,
    0.06638055669621835,
    0.05684528338983645,
    -0.04393986697665692,
    -0.0054069039789674265,
    0.017530102444213484,
    -0.0905418056886961,
    0.045895187753209,
    0.021060209113376506,
    0.033754360073805126,
    0.01595503622365804,
    0.005254212833248413,
    0.04538341774966691,
    -0.006266020945920782,
    0.0012991970663610252,
    0.0630236023279497,
    0.006301679297941159,
    0.0681228635531,
    0.10630491773603543,
    0.04264160278928514,
    0.08512323364606522,
    0.0737038056332015,
    0.06270508569147333,
    0.07989144898423707,
    -0.025884597120392535,
    0.06373244164501743
  ],
  "threshold_used": 0.0,
  "used_topk_fallback": true
}