{
  "patient_id": "sub-CS53",
  "n_output_total": 18,
  "n_focused": 5,
  "focused_indices": [
    14,
    11,
    16,
    10,
    15
  ],
  "focused_ccs": [
    0.10239063224153776,
    0.07976939872097721,
    0.044077644559139505,
    0.033596268938041615,
    0.02284158010710058
  ],
  "all_ccs": [
    -0.04011470745037566,
    0.008035954981550407,
    0.0033114267629691272,
    -0.011109190658531071,
    -0.0034000298013636614,
    0.019650223753549294,
    -0.0484467838551592,
    -0.06384852156488728,
    -0.056356143355230585,
    -0.021864141736608948,
    0.033596268938041615,
    0.07976939872097721,
    0.012319895418605767,
    -0.04554304869446088,
    0.10239063224153776,
    0.02284158010710058,
    0.044077644559139505,
    -0.031257670535888786
  ],
  "threshold_used": 0.0,
  "used_topk_fallback": true
}