{
  "patient_id": "sub-CS44",
  "n_output_total": 31,
  "n_focused": 5,
  "focused_indices": [
    10,
    6,
    1,
    4,
    11
  ],
  "focused_ccs": [
    0.1617934562279174,
    0.15102696450427586,
    0.14096786769824698,
    0.13372857429609722,
    0.1292220262509211
  ],
  "all_ccs": [
    0.01501664459217721,
    0.14096786769824698,
    0.03352507839503787,
    0.06298804598911009,
    0.13372857429609722,
    0.12551918547972296,
    0.15102696450427586,
    0.019365911144217957,
    0.0877569456493842,
    0.11665196327454615,
    0.1617934562279174,
    0.1292220262509211,
    -0.04330177247477083,
    0.03255745283337137,
    -0.0013715680832723964,
    0.04385601378938032,
    -0.062013935481927365,
    -0.009123077795280862,
    0.00350781935890091,
    0.0158659985405391,
    0.03890216087026686,
    -0.031727176638739876,
    0.003269077146739868,
    0.03506280769689108,
    0.009405992254723376,
    0.018424503765779685,
    0.02640508809676501,
    0.07649678016614017,
    -0.0012520102152616534,
    -0.004978289575933066,
    0.009874092094727217
  ],
  "threshold_used": 0.0,
  "used_topk_fallback": true
}