{
  "patient_id": "sub-CS42",
  "n_output_total": 30,
  "n_focused": 5,
  "focused_indices": [
    26,
    12,
    1,
    29,
    11
  ],
  "focused_ccs": [
    0.10796491087366133,
    0.07826842456702113,
    0.07358890628904105,
    0.06004345890945988,
    0.044792571800657995
  ],
  "all_ccs": [
    0.024656180184721554,
    0.07358890628904105,
    0.010217555001458743,
    -0.02659333752124299,
    0.01383817828449723,
    -0.017173453857797852,
    0.015168062403162659,
    -0.01750838035576773,
    0.008129784589607125,
    -0.001022601383884556,
    -0.012432070310812499,
    0.044792571800657995,
    0.07826842456702113,
    0.04448759643232559,
    0.036032657087066426,
    0.004992611596388122,
    -0.0777553910051207,
    -0.03046846347523895,
    -0.004439728927142845,
    -0.022455300768012467,
    -0.06729013196080695,
    -0.008663523182983919,
    0.013452811658677614,
    -0.03753822445848833,
    -0.015021791685223378,
    0.032097845178854716,
    0.10796491087366133,
    0.006118548943437281,
    -0.05908322348001384,
    0.06004345890945988
  ],
  "threshold_used": 0.0,
  "used_topk_fallback": true
}