{
  "patient_id": "sub-CS51",
  "n_output_total": 8,
  "n_focused": 5,
  "focused_indices": [
    0,
    1,
    2,
    6,
    7
  ],
  "focused_ccs": [
    0.24968044759862626,
    0.08710622846437822,
    0.08278274327224021,
    0.06290739677430984,
    0.047584381702440996
  ],
  "all_ccs": [
    0.24968044759862626,
    0.08710622846437822,
    0.08278274327224021,
    0.023021796525929294,
    0.015899799313638455,
    -0.015354707341625223,
    0.06290739677430984,
    0.047584381702440996
  ],
  "threshold_used": 0.0,
  "used_topk_fallback": true
}